thematique_nom,thematique_id
,3360
accomplissement,3361
accueil tourisme,3362
activite motrice,3363
adulteration et inspection des aliments,3364
alchimistes,3365
alex delaware personnage fictif,3366
algorithme,3367
algorithmes,3368
algorithmes informatiques,3369
aliments fermentes,3370
analyse de fourier,3371
analyse harmonique,3372
analyse harmonique abstraite,3373
antiquites romaines,3374
aqueduc,3375
architecture medievale,3376
armee nationale,3377
artistes en fiction,3378
aspects psychologiques de la richesse,3379
aspects psychologiques des concours,3380
aspects psychologiques du succes dans les affaires,3381
aspects religieux du succes,3382
aspects religieux du succes dans les affaires,3383
aspects sociaux de la science,3384
assurance,3385
assurance maladie,3386
attitude a la mort,3387
attributs,3388
australie,3389
australien,3390
auteurs bengali,3391
auteurs catholiques,3392
autogestion psychologie,3393
awards,3394
bar examinations,3395
biologie,3396
blanchiment d'argent,3397
bose,3398
boston brahmanes,3399
branding marketing,3400
brevets,3401
bricolage,3402
business  economics  accounting  managerial,3403
business  economics  finance,3404
caligula,3405
canada,3406
canadien,3407
canning and preserving,3408
capacite motrice,3409
caste,3410
chantillon legal,3411
charisme trait de personnalite,3412
chimie  industriel et technique,3413
chrestomathies et lecteurs,3414
christianisme et loi,3415
clerge,3416
codependance,3417
codependance psychologie,3418
collectibles,3419
collectionneurs et collection,3420
collections et anthologies,3421
collections privees,3422
colonialisme britannique,3423
common law,3424
communication en medecine,3425
conditions morales,3426
conflit araboisraelien,3427
conflit araboisraelien    paix,3428
connaissances et apprentissage,3429
contemporains,3430
cosse,3431
courts et courtisans  fiction,3432
coutumes et rites funeraires,3433
crime des cols blancs,3434
critique litteraire science biblique,3435
cuisine generale et diverse,3436
culinaire,3437
dalits,3438
delicents juveniles,3439
depressions,3440
des gens qui reussissent,3441
developpement du site web,3442
diagnostics infirmiers,3443
dictionnaires anglais,3444
divorce,3445
divorce dans la fiction,3446
dramacaligula,3447
drame français,3448
drame œuvres dramatiques d'un auteur,3449
droite,3450
ducation et etat,3451
echecs,3452
ego psychologie,3453
egoïsme,3454
emily wild caractere fictif,3455
empereur de rome,3456
enfants autistes,3457
enquete de cambriolage,3458
enseignement biblique,3459
entreprises a domicile,3460
etat d'esprit,3461
evangelistes,3462
exclusion,3463
experimental,3464
fairies  fiction,3465
familles de crime,3466
familles problematiques,3467
fbi,3468
femmes celibataires,3469
femmes dalits,3470
femmes soldats,3471
fermentation,3472
fiction portugaise,3473
fiction urbaine,3474
fondamentaux de cuisine et reference,3475
food and drug administration,3476
frau,3477
funerailles,3478
generation de babyboom,3479
genie mecanique,3480
gestion des revenus,3481
gestion du temps,3482
gillette company,3483
glaucome,3484
glises pentecotistes,3485
gospel,3486
gratuit,3487
groupe d'ascendance continentale africaine,3488
guidance personnelle,3489
habitudes,3490
heritage et succession,3491
heritages,3492
heritages dans la fiction,3493
hotels,3494
indiens des ruisseaux,3495
industrie du nettoyage de la construction,3496
industrie hoteliere,3497
infini,3498
informatique theorique,3499
ingenierie  chemical et biochimique,3500
inner cities,3501
inspiration,3502
integration sensorimotrice,3503
interfaces utilisateur graphiques systemes informatiques,3504
intimite psychologie,3505
investissement immobilier,3506
israel,3507
jack carter personnage fictif,3508
jesuschrist,3509
justice sociale,3510
la vie chretienne,3511
langue ugaritique,3512
leela jeu,3513
les enfants temoignent de la fiction,3514
les femmes en developpement,3515
liberte,3516
literature comparative,3517
litterature canadienne,3518
litterature du e siecle,3519
litterature et fiction,3520
litterature et fiction general,3521
litterature moderne,3522
livraison des soins de sante,3523
livrescadeaux,3524
lucas livre biblique,3525
lukasangelium,3526
maine en fiction,3527
maison et maison,3528
management hotelier,3529
marcus aurelius,3530
marginalite sociale,3531
marie des femmes dans la fiction,3532
mathematiques  general,3533
medias et opinion publique,3534
misogynie,3535
modernisme litterature,3536
motivation,3537
mouvement,3538
moyen age,3539
musiciens,3540
nettoyage de la maison,3541
nettoyage et gardien  general,3542
nouvelles auteur unique,3543
novela fantastic,3544
obstetrique,3545
orateurs vietnamiens,3546
organisation et administration,3547
organisations de front,3548
orphelins  fiction,3549
ouvrages de vulgarisation,3550
pagogogik,3551
paraboles,3552
pauvres femmes,3553
paysannerie,3554
paysans,3555
personne et bureaux,3556
personnes manquants,3557
petra connor caractere fictif,3558
phenomenes physiologiques du systeme nerveux,3559
philosophie et esthetique,3560
philosophie islamique,3561
philosophie moderne,3562
philosophie toltec,3563
physiologie,3564
pipe ethique,3565
poesie malaise,3566
politique de sante,3567
politique pharmaceutique,3568
polonais,3569
poupees,3570
preuve droit,3571
preuve loi,3572
princes  fiction,3573
prise des risques psychologie,3574
prisonistes politiques,3575
problemes familles,3576
productivite industrielle,3577
prophetes,3578
psychologues dans la fiction,3579
public comptables certifies,3580
puzzles,3581
qt ressource electronique,3582
rachat,3583
raffinage,3584
raffinage du petrole,3585
recettes,3586
reglage des objectifs,3587
relations diplomatiques,3588
relations exterieures,3589
relations juivesarabe,3590
relations sociales,3591
rentable,3592
retine,3593
revolution,3594
roman pour la jeunesse,3595
sacerans,3596
sagesfemmes,3597
sagesfemmes  australie  anecdotes,3598
saint esprit,3599
sang,3600
science et etat,3601
sciences,3602
sciences naturelles,3603
scott carter personnage fictif,3604
service des renseignements,3605
services de sante nationaux,3606
shepherds,3607
simon lewis personnage fictif,3608
sites web,3609
soeurs  fiction,3610
soins medicaux,3611
statistiques penales,3612
stoïcs,3613
street children,3614
street enfants in fiction,3615
subhas chandra,3616
swewifery  australie  anecdotes,3617
systeme nerveux,3618
systemes d'alimentation electrique,3619
tatsunis food and drug administration,3620
techniques de cuisson,3621
technologie d'energie electrique,3622
technologie du petrole,3623
technologie et etat,3624
telecommunication,3625
temoins enfants,3626
terudite trait de personnalite,3627
theologie catholique,3628
theorie du groupe,3629
thique chretienne,3630
titanesque,3631
tom gates,3632
topologie algebrique,3633
toys,3634
tradition philosophie,3635
traductions en indonesien,3636
tramps,3637
travaux de divulgation n,3638
treasure island lieu imaginaire,3639
treasuretove,3640
trip d'activite,3641
trouble de la personnalite borderline,3642
troubles du spectre autistique,3643
tude et enseignement secondaire,3644
tudes linguistiques et litteraires,3645
union sovietique,3646
urbain,3647
v fiction,3648
valeurs,3649
vasion fiscale,3650
vesseaux sanguins,3651
veterans,3652
victimes de maltraitance des enfants adultes,3653
vie,3654
vietnamien,3655
vol de bijoux,3656
vol de bijoux en fiction,3657
voyages dans le temps,3658
voyages et voyages,3659
will african people,3660
xhtml langue de balisage de documents,3661
